from,to,count
#41DaysToREBELSTARBday,@TeamTWTPOffi,319
#41DaysToREBELSTARBday,@TPHOffl,286
#41DaysToREBELSTARBday,@Naveen52889824,178
#41DaysToREBELSTARBday,@Rishant30603152,140
#41DaysToREBELSTARBday,@PrabhasFanArmy,140
#41DaysToREBELSTARBday,@Venkat19055089,122
#41DaysToREBELSTARBday,@KruthinV,121
#41DaysToREBELSTARBday,@DarlingsKrish,116
#41DaysToREBELSTARBday,@Team_DPH,77
#41DaysToREBELSTARBday,@urssaivineeth,76
#41DaysToREBELSTARBday,@HariSunkoju,65
#41DaysToREBELSTARBday,@Prabhas_Memes,59
#41DaysToREBELSTARBday,@TrendsPrabhas,54
#41DaysToREBELSTARBday,@TeamPrabhasOffl,54
#41DaysToREBELSTARBday,@Ravidhfpb,53
#41DaysToREBELSTARBday,@VAMSHIKRISHNANK,52
#41DaysToREBELSTARBday,@AlwaysPrabhasFc,51
#41DaysToREBELSTARBday,@lally1007,48
#41DaysToREBELSTARBday,@GlanEeshafan,47
#41DaysToREBELSTARBday,@RebelismNetwork,43
#41DaysToREBELSTARBday,@Team_Prabhas,41
#41DaysToREBELSTARBday,@Prabhakareddie,40
#41DaysToREBELSTARBday,@SettyTweets,39
#41DaysToREBELSTARBday,@Rebelution_offl,39
#41DaysToREBELSTARBday,@yashu0204,39
#41DaysToREBELSTARBday,@Surya80177132,38
#41DaysToREBELSTARBday,@Mosin_Shaek,38
#41DaysToREBELSTARBday,@dhfpprabha,38
#41DaysToREBELSTARBday,@SrikarYaski,37
#41DaysToREBELSTARBday,@gouse_mn,37
#41DaysToREBELSTARBday,@KPH_offl,34
#41DaysToREBELSTARBday,@Chetan_DHFP,33
#41DaysToREBELSTARBday,@april30th2021,30
#41DaysToREBELSTARBday,@TeamPKIOffl,30
#41DaysToREBELSTARBday,@ivd_RadheShyam,30
#41DaysToREBELSTARBday,@Rahulllll13,29
#41DaysToREBELSTARBday,@Mugokup,29
#41DaysToREBELSTARBday,@naveensilky9,29
#41DaysToREBELSTARBday,@Dhfp_forever,29
#41DaysToREBELSTARBday,@HemuSavii,26
#41DaysToREBELSTARBday,@prashanth_neel,24
#41DaysToREBELSTARBday,@DurageshF,23
#41DaysToREBELSTARBday,@prabhas_ruler,22
#41DaysToREBELSTARBday,@Yashwanth_VK18,22
#41DaysToREBELSTARBday,@THALA_STR_Fans,21
#41DaysToREBELSTARBday,@Nithin_Mudunuri,20
#41DaysToREBELSTARBday,@pravivarma95,20
#41DaysToREBELSTARBday,@The_Tribbiani,20
#41DaysToREBELSTARBday,@SaviiHemu,19
#41DaysToREBELSTARBday,@PurnaReddy_07_,19
#41DaysToREBELSTARBday,@Ajith786Valimai,19
#41DaysToREBELSTARBday,@anvesh06178892,18
#41DaysToREBELSTARBday,@_Baluprabhas,18
#41DaysToREBELSTARBday,@PRABHAkareddiee,18
#41DaysToREBELSTARBday,@PrabhasAnna23,18
#41DaysToREBELSTARBday,@VJYPrabhasFC,18
#41DaysToREBELSTARBday,@GVarma17,18
#41DaysToREBELSTARBday,@Prasad_darrling,17
#41DaysToREBELSTARBday,@Rebelstar6565,17
#41DaysToREBELSTARBday,@Narendr25095226,16
#41DaysToREBELSTARBday,@AnweshPrabha,16
#41DaysToREBELSTARBday,@Prabhas13214891,16
#41DaysToREBELSTARBday,@iPrabhasChandra,16
#41DaysToREBELSTARBday,@Kamal26744540,16
#41DaysToREBELSTARBday,@TeamUPOffcl,16
#41DaysToREBELSTARBday,@Im_vegee,16
#41DaysToREBELSTARBday,@HailPrabhas,15
#41DaysToREBELSTARBday,@pavan1445,15
#41DaysToREBELSTARBday,@MRebalisam,15
#41DaysToREBELSTARBday,@saaho18vk,14
#41DaysToREBELSTARBday,@Adildarlings2,14
#41DaysToREBELSTARBday,@KNRPrabhasFc,13
#41DaysToREBELSTARBday,@SantoshPrabhas6,13
#41DaysToREBELSTARBday,@NikhilNikh_,13
#41DaysToREBELSTARBday,@MahiPrabhas_,12
#41DaysToREBELSTARBday,@Gopikrish2245,12
#41DaysToREBELSTARBday,@PD0per,12
#41DaysToREBELSTARBday,@P_VJVarma,12
#41DaysToREBELSTARBday,@rahulprabha777,12
#41DaysToREBELSTARBday,@saihmsa,12
#41DaysToREBELSTARBday,@NChaituprabhasf,11
#41DaysToREBELSTARBday,@TeamBujjigadu,11
#41DaysToREBELSTARBday,@Darling2447,11
#41DaysToREBELSTARBday,@Saiprasad_drlng,11
#41DaysToREBELSTARBday,@prabhasveriyan,11
#41DaysToREBELSTARBday,@Thalapathy278,11
#41DaysToREBELSTARBday,@OnlyFrRebelstar,11
#41DaysToREBELSTARBday,@ThalapathyElam2,11
#41DaysToREBELSTARBday,@Prabhas_Dear,10
#41DaysToREBELSTARBday,@Deviltwitts,10
#41DaysToREBELSTARBday,@TharunKohli1,10
#41DaysToREBELSTARBday,@Tprem_prabhas,10
#41DaysToREBELSTARBday,@Onlyprabhas53,10
#41DaysToREBELSTARBday,@Sydney_Rebel,10
#41DaysToREBELSTARBday,@Yaswanth_prabha,9
#41DaysToREBELSTARBday,@Koushiktweetz,9
#41DaysToREBELSTARBday,@actorpraboss,9
#41DaysToREBELSTARBday,@arifatadvi15,9
#41DaysToREBELSTARBday,@MrSaikumar1996,9
#41DaysToREBELSTARBday,@PrabhasMylife,9
#41DaysToREBELSTARBday,@Darlingsumant15,9
#41DaysToREBELSTARBday,@iam_Naveenvarma,9
#41DaysToREBELSTARBday,@Iamwaseemprabha,9
#41DaysToREBELSTARBday,@Madhu37411561,9
#41DaysToREBELSTARBday,@POWFansClub,8
#41DaysToREBELSTARBday,@Anjaan_Hari_,8
#41DaysToREBELSTARBday,@BunnyRaju7567,8
#41DaysToREBELSTARBday,@KarthikDarling0,8
#41DaysToREBELSTARBday,@romisrikar,8
#41DaysToREBELSTARBday,@Charan42575254,8
#41DaysToREBELSTARBday,@Rebel_Nihal,8
#41DaysToREBELSTARBday,@harikdatla,8
#41DaysToREBELSTARBday,@Akshayvardhan12,8
#41DaysToREBELSTARBday,@VarmaVj1,8
#41DaysToREBELSTARBday,@ShivaMms7,8
#41DaysToREBELSTARBday,@Rana_prathap7,8
#41DaysToREBELSTARBday,@Surya242938241,8
#41DaysToREBELSTARBday,@Jaswant32329151,8
#41DaysToREBELSTARBday,@AnudeepSajja,8
#41DaysToREBELSTARBday,@CharanVarma836,8
#41DaysToREBELSTARBday,@Maruthi_Prabhas,8
#41DaysToREBELSTARBday,@HariTweetz77,7
#41DaysToREBELSTARBday,@aniketh2906,7
#41DaysToREBELSTARBday,@ganesh14242,7
#41DaysToREBELSTARBday,@Prabhas77414969,7
#41DaysToREBELSTARBday,@chaitu_jayan,7
#41DaysToREBELSTARBday,@Thisisforprabha,7
#41DaysToREBELSTARBday,@varun_yashwanth,7
#41DaysToREBELSTARBday,@ParlaYaswanth,7
#41DaysToREBELSTARBday,@Prathap94286556,7
#41DaysToREBELSTARBday,@Eswarsaaho,7
#41DaysToREBELSTARBday,@SaahoVickey,7
#41DaysToREBELSTARBday,@_sunder____,6
#41DaysToREBELSTARBday,@DiviMohan124,6
#41DaysToREBELSTARBday,@khalil_prabhas,6
#41DaysToREBELSTARBday,@PavanPbfan,6
#41DaysToREBELSTARBday,@PrabhasPan,6
#41DaysToREBELSTARBday,@Harish92846963,6
#41DaysToREBELSTARBday,@PrabhasDHF213,6
#41DaysToREBELSTARBday,@Naveennani2310,6
#41DaysToREBELSTARBday,@Niharikadantu,5
#41DaysToREBELSTARBday,@darling_cult143,5
#41DaysToREBELSTARBday,@mahishmati12,5
#41DaysToREBELSTARBday,@RSPkiFan,5
#41DaysToREBELSTARBday,@Yuvaraj59437704,5
#41DaysToREBELSTARBday,@Dineshkohlifan,5
#41DaysToREBELSTARBday,@M___V____,5
#41DaysToREBELSTARBday,@Prabhas_ERA,5
#41DaysToREBELSTARBday,@AllamRajesh7,4
#41DaysToREBELSTARBday,@paandurangaraju,4
#41DaysToREBELSTARBday,@varma459,4
#41DaysToREBELSTARBday,@imraviteja_,4
#41DaysToREBELSTARBday,@teja0317,4
#41DaysToREBELSTARBday,@vikramdatta7,4
#41DaysToREBELSTARBday,@varma_varma17,4
#41DaysToREBELSTARBday,@demigodprabhas1,4
#41DaysToREBELSTARBday,@RebelionsO,4
#41DaysToREBELSTARBday,@kri5hna_,4
#41DaysToREBELSTARBday,@ManojPrabhas23,4
#41DaysToREBELSTARBday,@PrabhasdarlingD,4
#41DaysToREBELSTARBday,@susanthprince12,4
#41DaysToREBELSTARBday,@Rebel786irfan,4
#41DaysToREBELSTARBday,@Sahoo99155865,4
#41DaysToREBELSTARBday,@UV_Creations,4
#41DaysToREBELSTARBday,@NaaniDHFP,3
#41DaysToREBELSTARBday,@JustinRahul12,3
#41DaysToREBELSTARBday,@jack,3
#41DaysToREBELSTARBday,@PavanAAmass,3
#41DaysToREBELSTARBday,@sujeethsign,3
#41DaysToREBELSTARBday,@varmavishnu19,3
#41DaysToREBELSTARBday,@Pranay__prabhas,3
#41DaysToREBELSTARBday,@KiranTweetzz,3
#41DaysToREBELSTARBday,@Charan44682194,2
#41DaysToREBELSTARBday,@RuthlessREBELS_,2
#41DaysToREBELSTARBday,@Prabhas74310678,2
#41DaysToREBELSTARBday,@ABHIprabhaSKING,2
#41DaysToREBELSTARBday,@Sama_Gautham_,2
#41DaysToREBELSTARBday,@actorvijay,2
#41DaysToREBELSTARBday,@pradeep7878,2
#41DaysToREBELSTARBday,@laxman_medari,2
#41DaysToREBELSTARBday,@Mk_15338245,2
#41DaysToREBELSTARBday,@Prabhas_Team,2
#41DaysToREBELSTARBday,@PrabhasCampaign,1
#41DaysToREBELSTARBday,@director_radhaa,1
#41DaysToREBELSTARBday,@Harshareddy145,1
#41DaysToREBELSTARBday,@MalikTwtz,1
#41DaysToREBELSTARBday,@Yashuprabhas,1
#41DaysToREBELSTARBday,@GunturPrabhasFC,1
#41DaysToREBELSTARBday,@Guntur_Shiva,1
#41DaysToREBELSTARBday,@Kaushal_rebel,1
#41DaysToREBELSTARBday,@Mohanchintapall,1
#41DaysToREBELSTARBday,@Mersalkushal,1
#41DaysToREBELSTARBday,@ChigurupatiImm2,1
#41DaysToREBELSTARBday,@PbBoxOffice,1
#41DaysToREBELSTARBday,@PrabhasRaju,1
#41DaysToREBELSTARBday,@PrabhasForever7,1
#41DaysToREBELSTARBday,@Suriya_offl,1
#41DaysToREBELSTARBday,@PothineniSatish,1
#41DaysToREBELSTARBday,@PrabhasNetwork_,1
#41DaysToREBELSTARBday,@loserswaroop,1
#41DaysToREBELSTARBday,@Praveen_pb_cult,1
#41DaysToREBELSTARBday,@khaleel07_,1
#41DaysToREBELSTARBday,@Darling76981727,1
#41DaysToREBELSTARBday,@MN_DarlingGOUSE,1
#41DaysToREBELSTARBday,@DPH_Offl,1
#41DaysToREBELSTARBday,@Anilcha20113948,1
#41DaysToREBELSTARBday,@prk5888,1
#41DaysToREBELSTARBday,@janardh03258733,1
#41DaysToREBELSTARBday,@Suryasubramany1,1
