#2BrutalMurder,#BrutalMentalTorture,2
#2BrutalMurder,#ProbeDishaSSRCaseTogether,1
#2BrutalMurder,#SoorajPancholi,2
#2BrutalMurder,#RightToReport,1
#2BrutalMurder,#brutalmurderOfJiah,2
#2BrutalMurder,#ExposeDishaSalianCase,1
#2BrutalMurder,#probessrdigitaldata,1
#2BrutalMurder,#Justice4SSRIsGlobalDemand,1
#WarriorsRoar4SSR,#SSR,89
#WarriorsRoar4SSR,#JusticeForSSR,40
#RightToReport,#ExposeDishaSalianCase,10
#BrutalMentalTorture,#SoorajPancholi,2
#BrutalMentalTorture,#brutalmurderOfJiah,2
#SSR,#JusticeForDisha,153
#SSR,#WhatATragedy,104
#SSR,#JusticeForSSR,52
#SSR,#KanganaRanaut,60
#SSR,#Maharashtra,37
#SSR,#Rhea,48
#SSR,#DishaSalian,537
#SSR,#CBI,42
#SSR,#SushantSinghRajput,81
#ProbeDishaSSRCaseTogether,#Justice4SSRIsGlobalDemand,3
#ProbeDishaSSRCaseTogether,#probessrdigitaldata,3
#KanganaRanaut,#JusticeForSSR,216
#KanganaRanaut,#Rhea,24
#KanganaRanaut,#CBI,19
#JusticeForDisha,#DishaSalian,662
#JusticeForDisha,#Maharashtra,35
#JusticeForDisha,#JusticeForSSR,1179
#Rhea,#SushantSinghRajput,13
#DishaSalian,#SushantSinghRajput,231
#DishaSalian,#CBI,26
#brutalmurderOfJiah,#SoorajPancholi,2
#ExposeDishaSalianCase,#Justice4SSRIsGlobalDemand,5
#CBI,#SushantSinghRajput,45
