#COVID19,50
#Trump,38
#MAGA,36
#coronavirus,35
#COVID,33
#CNNSOTU,24
#TrumpVirus,24
#SundayThoughts,23
#TrumpKnew,23
#RememberInNovember,23
#HarrisAdministration,22
#COVID__19,22
#FoxAndFriends,21
#Walkaway,21
#FillTheSeat,21
#Ccot,20
#FillTheVacancy,20
#KAG2020,20
#Coronavirus,20
#Corona,19
#BobWoodward,17
#TrumpLiedPeopleDied,16
#China,15
#UK,15
#COVIDIDIOTS,15
#HeKnew,14
#TrumpTapes,14
#mentalhealth,14
#Biden,13
#vaccine,12
#Florida,12
#SundayMotivation,10
#Military,9
#India,9
#WearAMask,8
#AfD,8
#Spreading,7
#Dessau,7
#WuhanVirus,7
#Georgia,7
#SARSCoV2,6
#suicide,6
#Texas,6
#EdoDecides2020,5
#MentalHealth,4
#NEET,3
#OrangeCounty,3
#LayGlobal,3
#NJ,3
#LTC,2
#laestirpedeloslibres,1
dst,1
src,1
