#JusticeForSSR,116
#SushantSinghRajput,115
#JusticeForSushantSinghRajput,100
#SSR,100
#KanganaRanaut,99
#WarriorsRoar4SSR,95
#DeathOfDemocracy,91
#RheaChakraborty,91
#WorldUnitedForSSRJustice,86
#CBIFamilyAwaitsJusticeForSSR,84
#RheaArrested,80
#KanganaRanuat,78
#DishaSalian,77
#BollywoodDrugGang,77
#SushantWasMurdered,77
#ShameOnMahaGovt,77
#Rhea,77
#Kangana,73
#Warriors4SSR,73
#UnitedForSSRJustice,70
#FreeRepublicReporter,68
#SSRMurderCase,66
#justiceforSushanthSinghRajput,65
#JusticeForRhea,65
#Bollywood,64
#justiceforkangana,64
#MaharashtraGovt,62
#BoycottBollywood,62
#CBI,59
#ArrestSSRKillers,59
#UddhavThackeray,59
#BabyPenguin,58
#ShivSena,58
#Flag4SSR,57
#DishaTruthNow,55
#NCB,53
#ArnabGoswami,52
#Justice4SSRIsGlobalDemand,52
#DishaSushantMurderLink,51
#RheaChakrobarty,48
#BollywoodMafia,48
#RheaChakroborty,48
#BMC,48
#MumbaiPolice,47
#ArnabGoswamy,46
#FocusOnMurderAngle,46
#RepublicTV,45
#SSRKilledOn14June,45
#SSRWarriors,44
#SushantUnseenVideo,42
#SSRCulpritsBehindBar,42
"#\u092e\u0939\u093e\u0930\u093e\u0937\u094d\u091f\u094d\u0930_\u0915\u093e_CM_\u0928\u092a\u0941\u0902\u0938\u0915_\u0939\u0948",41
#SSRCase,40
#Justice4SSR,40
#SSRDeathCase,40
#Sushant,40
#DrugMafiaOfBollywood,39
#DishaAndSSRCaseLinked,39
#AdityaThackeray,38
#JayaBachchan,38
#KangnaRanaut,36
#DishaSaliyan,36
#BMCMumbai,36
#SSRians,35
#BlazeItUpForRhea,35
#CBIForSSR,33
#Drugs,33
#RheaDualFaceExposed,30
#SushantCaseBreakThrough,30
#RheaDrugsChat,29
#Bullywood,26
#RehaChakraborty,25
#DrugsMafia,23
#SSRTrueStory,22
#CBITakesOver,22
#BananaRepublic,22
#Arnab,20
#BoycottZeeNews,19
#ReahChakraborty,18
#India,17
#ED,17
#SupportGaza,16
#rhea,15
#9Baje9MinuteIndia,14
#AkshayKumar,13
#RaviKishan,13
#justice,13
#sushantsinghrajpoot,12
#PalgharSadhuLynching,11
#freedom,8
#BiharElections2020,8
#truth,7
"#\u0930\u094b\u091c\u093c\u0917\u093e\u0930",7
#AnupamKher,7
#WorldSuicidePreventionDay,6
#Disha,5
#AbhishekBachchan,3
#WarriorsRoarForSSR,3
#SSRlovesRhea,3
#Corona,3
#DelhiPolice,2
dst,1
src,1
